dt,press,temp,cond,sal
7/21/2021 0:00,11.90416667,20.58333333,4.8904,35.24038015
7/21/2021 0:06,11.92166667,20.54666667,4.8824,35.20566529
7/21/2021 0:12,11.93508333,20.48333333,4.8668,35.13103708
7/21/2021 0:18,11.95491667,20.45,4.858,35.0868658
7/21/2021 0:24,11.97475,20.40333333,4.8464,35.03080795
7/21/2021 0:30,11.99283333,20.3,4.8216,34.91377516
7/21/2021 0:36,12.01383333,20.23,4.8044,34.83165851
7/21/2021 0:42,12.03075,20.19666667,4.7996,34.8200071
7/21/2021 0:48,12.057,20.11666667,4.7784,34.71322557
7/21/2021 0:54,12.08033333,20.01333333,4.7568,34.62191841
7/21/2021 1:00,12.10133333,19.93333333,4.7428,34.5731903
7/21/2021 1:06,12.12933333,19.84666667,4.7276,34.51994239
7/21/2021 1:12,12.15091667,19.74333333,4.7084,34.44736767
7/21/2021 1:18,12.18416667,19.56333333,4.676,34.32878692
7/21/2021 1:24,12.20691667,19.51666667,4.668,34.30119094
7/21/2021 1:30,12.23025,19.39333333,4.6464,34.22421688
7/21/2021 1:36,12.25825,19.34333333,4.6364,34.18261348
7/21/2021 1:42,12.28625,19.27,4.6216,34.12032934
7/21/2021 1:48,12.316,19.24333333,4.6156,34.0925085
7/21/2021 1:54,12.33758333,19.19,4.6052,34.0500471
7/21/2021 2:00,12.37375,19.15333333,4.5948,33.99381045
7/21/2021 2:06,12.40525,19.13,4.5896,33.96975976
7/21/2021 2:12,12.428,19.09333333,4.5812,33.93001651
7/21/2021 2:18,12.4595,19.08333333,4.576,33.8949731
7/21/2021 2:24,12.48575,19.08333333,4.5752,33.8883199
7/21/2021 2:30,12.51783333,19.07666667,4.5708,33.85718509
7/21/2021 2:36,12.5365,19.07666667,4.572,33.86716633
7/21/2021 2:42,12.56975,19.07,4.5676,33.83602402
7/21/2021 2:48,12.5995,19.07333333,4.5668,33.82664142
7/21/2021 2:54,12.6275,19.05,4.562,33.80579421
7/21/2021 3:00,12.65258333,19.06,4.5624,33.80094274
7/21/2021 3:06,12.67533333,18.99333333,4.5512,33.76222016
7/21/2021 3:12,12.69866667,18.99333333,4.552,33.76888628
7/21/2021 3:18,12.72083333,18.94666667,4.538,33.69034
7/21/2021 3:24,12.74066667,18.81666667,4.5212,33.65638791
7/21/2021 3:30,12.76283333,18.76333333,4.5128,33.62977775
7/21/2021 3:36,12.77858333,18.67666667,4.5056,33.64052004
7/21/2021 3:42,12.80191667,18.42666667,4.4708,33.55337474
7/21/2021 3:48,12.813,18.26333333,4.4544,33.54956446
7/21/2021 3:54,12.83108333,18.14333333,4.4368,33.49962881
7/21/2021 4:00,12.8445,18.20666667,4.4504,33.56255972
7/21/2021 4:06,12.85441667,18.31666667,4.4724,33.65773818
7/21/2021 4:12,12.86258333,18.61666667,4.5204,33.81418973
7/21/2021 4:18,12.869,18.79666667,4.5516,33.92716796
7/21/2021 4:24,12.87016667,18.92,4.5756,34.02595623
7/21/2021 4:30,12.87016667,19.07,4.6052,34.14881425
7/21/2021 4:36,12.86666667,19.28333333,4.6408,34.2683774
7/21/2021 4:42,12.85441667,19.30666667,4.6508,34.33192787
7/21/2021 4:48,12.84391667,19.50333333,4.6752,34.37147715
7/21/2021 4:54,12.83575,19.37,4.6716,34.45167533
7/21/2021 5:00,12.82233333,19.56,4.694,34.47969769
7/21/2021 5:06,12.80891667,19.65,4.7092,34.5306006
7/21/2021 5:12,12.78791667,19.50333333,4.6836,34.44070961
7/21/2021 5:18,12.77625,19.61,4.7052,34.53066077
7/21/2021 5:24,12.75641667,19.44,4.6604,34.30148103
7/21/2021 5:30,12.74008333,19.69666667,4.7252,34.62355561
7/21/2021 5:36,12.72316667,19.52,4.6788,34.3874374
7/21/2021 5:42,12.69691667,19.59,4.6944,34.45829554
7/21/2021 5:48,12.67825,19.11666667,4.6064,34.12031683
7/21/2021 5:54,12.6555,19,4.5864,34.05003328
7/21/2021 6:00,12.64091667,19.01333333,4.5896,34.06569872
7/21/2021 6:06,12.62283333,18.97333333,4.5816,34.03201334
7/21/2021 6:12,12.59308333,18.97,4.5804,34.02475728
7/21/2021 6:18,12.56566667,18.95666667,4.5804,34.03575098
7/21/2021 6:24,12.55283333,18.94666667,4.5824,34.06068251
7/21/2021 6:30,12.52891667,18.94333333,4.5812,34.05342433
7/21/2021 6:36,12.50208333,18.98333333,4.5912,34.10378194
7/21/2021 6:42,12.48108333,18.95333333,4.588,34.10188323
7/21/2021 6:48,12.46125,18.96333333,4.59,34.11029858
7/21/2021 6:54,12.44316667,18.96333333,4.5932,34.13698033
7/21/2021 7:00,12.42158333,18.97333333,4.5988,34.17539678
7/21/2021 7:06,12.39183333,18.98333333,4.6016,34.19046019
7/21/2021 7:12,12.36733333,19.00333333,4.6064,34.21390284
7/21/2021 7:18,12.33991667,18.97666667,4.6076,34.24599239
7/21/2021 7:24,12.32358333,19.01666667,4.614,34.26616525
7/21/2021 7:30,12.29558333,19.01666667,4.6176,34.29614769
7/21/2021 7:36,12.281,19.06,4.6292,34.35676424
7/21/2021 7:42,12.2565,19.08,4.6364,34.4000576
7/21/2021 7:48,12.23433333,19.10666667,4.6452,34.45107423
7/21/2021 7:54,12.21683333,19.14333333,4.6556,34.50700675
7/21/2021 8:00,12.18533333,19.16333333,4.6624,34.54683707
7/21/2021 8:06,12.16725,19.2,4.6728,34.60262609
7/21/2021 8:12,12.14741667,19.22333333,4.6784,34.6296402
7/21/2021 8:18,12.13108333,19.26,4.6892,34.68860628
7/21/2021 8:24,12.10483333,19.29,4.6972,34.7298575
7/21/2021 8:30,12.07858333,19.31333333,4.704,34.76668652
7/21/2021 8:36,12.06166667,19.34666667,4.7136,34.81829047
7/21/2021 8:42,12.03891667,19.38,4.7232,34.86982082
7/21/2021 8:48,12.0255,19.40333333,4.7316,34.91972445
7/21/2021 8:54,11.99925,19.42,4.7372,34.95222152
7/21/2021 9:00,11.98116667,19.44,4.744,34.99205351
7/21/2021 9:06,11.96308333,19.45666667,4.7492,35.02132899
7/21/2021 9:12,11.938,19.46666667,4.754,35.0528919
7/21/2021 9:18,11.92516667,19.47666667,4.7592,35.08777576
7/21/2021 9:24,11.91175,19.48666667,4.764,35.119311
7/21/2021 9:30,11.89016667,19.5,4.7696,35.15467151
7/21/2021 9:36,11.87558333,19.5,4.7732,35.18466648
7/21/2021 9:42,11.85108333,19.50333333,4.7764,35.20849775
7/21/2021 9:48,11.83766667,19.50666667,4.7812,35.24565483
7/21/2021 9:54,11.81958333,19.51333333,4.7848,35.26997573
7/21/2021 10:00,11.81608333,19.51,4.788,35.29946694
7/21/2021 10:06,11.78458333,19.51,4.79,35.31612726
7/21/2021 10:12,11.77641667,19.50666667,4.792,35.33562694
7/21/2021 10:18,11.76358333,19.50666667,4.7944,35.35562074
7/21/2021 10:24,11.742,19.5,4.7964,35.37796741
7/21/2021 10:30,11.72683333,19.49333333,4.7976,35.39365394
7/21/2021 10:36,11.70875,19.49,4.798,35.39983213
7/21/2021 10:42,11.69766667,19.47666667,4.7992,35.42121927
7/21/2021 10:48,11.679,19.46666667,4.8,35.43643383
7/21/2021 10:54,11.66616667,19.45,4.8008,35.45735743
7/21/2021 11:00,11.64983333,19.44666667,4.8008,35.46020931
7/21/2021 11:06,11.63991667,19.42666667,4.8016,35.48400513
7/21/2021 11:12,11.62475,19.41,4.8024,35.50496358
7/21/2021 11:18,11.62125,19.39333333,4.8024,35.51925622
7/21/2021 11:24,11.595,19.38333333,4.8032,35.53451888
7/21/2021 11:30,11.58858333,19.36666667,4.8032,35.54883022
7/21/2021 11:36,11.57225,19.34666667,4.8032,35.56601731
7/21/2021 11:42,11.55708333,19.33333333,4.804,35.58417289
7/21/2021 11:48,11.55241667,19.32,4.8036,35.59230196
7/21/2021 11:54,11.53433333,19.30333333,4.8036,35.60665337
7/21/2021 12:00,11.51916667,19.28333333,4.8028,35.61719208
7/21/2021 12:06,11.51391667,19.26666667,4.8036,35.63826258
7/21/2021 12:12,11.50108333,19.25333333,4.8036,35.64976916
7/21/2021 12:18,11.49408333,19.23666667,4.8036,35.66416166
7/21/2021 12:24,11.48125,19.23,4.8032,35.66656945
7/21/2021 12:30,11.46608333,19.21666667,4.8036,35.68144625
7/21/2021 12:36,11.45675,19.2,4.8032,35.69250717
7/21/2021 12:42,11.44975,19.18666667,4.8024,35.69733536
7/21/2021 12:48,11.43983333,19.16333333,4.802,35.71418358
7/21/2021 12:54,11.4235,19.16,4.8012,35.71035717
7/21/2021 13:00,11.41358333,19.13333333,4.8004,35.72675298
7/21/2021 13:06,11.40366667,19.12,4.7988,35.72487787
7/21/2021 13:12,11.39375,19.10333333,4.7976,35.72925492
7/21/2021 13:18,11.38733333,19.07666667,4.7984,35.75913423
7/21/2021 13:24,11.37741667,19.07,4.7968,35.75147303
7/21/2021 13:30,11.36925,19.04333333,4.796,35.76792428
7/21/2021 13:36,11.35933333,19.02333333,4.7952,35.77859161
7/21/2021 13:42,11.35408333,19.00666667,4.7944,35.78636534
7/21/2021 13:48,11.34591667,18.99666667,4.7932,35.78496812
7/21/2021 13:54,11.34125,18.98,4.7928,35.7961188
7/21/2021 14:00,11.336,18.97,4.7912,35.79135198
7/21/2021 14:06,11.32783333,18.94666667,4.7904,35.80495381
7/21/2021 14:12,11.32491667,18.94,4.7904,35.81077005
7/21/2021 14:18,11.32608333,18.94,4.7896,35.80402387
7/21/2021 14:24,11.32958333,18.91666667,4.7888,35.81764092
7/21/2021 14:30,11.33133333,18.92333333,4.7912,35.83206658
7/21/2021 14:36,11.336,18.88666667,4.786,35.82021355
7/21/2021 14:42,11.343,18.88333333,4.7868,35.82988077
7/21/2021 14:48,11.35233333,18.86666667,4.7844,35.82418278
7/21/2021 14:54,11.35933333,18.85666667,4.7832,35.82278952
7/21/2021 15:00,11.37041667,18.85666667,4.7836,35.82616869
7/21/2021 15:06,11.37916667,18.84666667,4.7832,35.83153535
7/21/2021 15:12,11.38733333,18.84,4.782,35.82722685
7/21/2021 15:18,11.39841667,18.84666667,4.7832,35.83153535
7/21/2021 15:24,11.41358333,18.83,4.7812,35.82921456
7/21/2021 15:30,11.42816667,18.82666667,4.7804,35.82536883
7/21/2021 15:36,11.44625,18.82666667,4.7792,35.81522474
7/21/2021 15:42,11.46316667,18.82333333,4.7784,35.81137772
7/21/2021 15:48,11.483,18.82666667,4.7764,35.79155518
7/21/2021 15:54,11.50458333,18.82333333,4.7744,35.77756162
7/21/2021 16:00,11.51741667,18.82,4.7724,35.76356605
7/21/2021 16:06,11.53258333,18.82,4.7696,35.73989307
7/21/2021 16:12,11.55533333,18.81666667,4.7668,35.71912958
7/21/2021 16:18,11.57983333,18.81666667,4.7676,35.72589377
7/21/2021 16:24,11.5915,18.81666667,4.7676,35.72589377
7/21/2021 16:30,11.61658333,18.81,4.7664,35.72156721
7/21/2021 16:36,11.63291667,18.81333333,4.7632,35.6915984
7/21/2021 16:42,11.65566667,18.81666667,4.7596,35.65825181
7/21/2021 16:48,11.68075,18.81666667,4.7544,35.61428454
7/21/2021 16:54,11.70058333,18.81333333,4.7492,35.57321642
7/21/2021 17:00,11.71575,18.81333333,4.7456,35.54277534
7/21/2021 17:06,11.7385,18.81333333,4.7412,35.50556957
7/21/2021 17:12,11.75541667,18.82,4.7376,35.46934476
7/21/2021 17:18,11.77641667,18.82333333,4.734,35.43601903
7/21/2021 17:24,11.7945,18.81666667,4.7268,35.38091977
7/21/2021 17:30,11.81258333,18.82,4.7244,35.35774358
7/21/2021 17:36,11.83241667,18.81666667,4.7184,35.30989571
7/21/2021 17:42,11.84233333,18.79666667,4.7104,35.2595128
7/21/2021 17:48,11.86566667,18.78,4.7032,35.21298063
7/21/2021 17:54,11.88316667,18.76666667,4.696,35.16354193
7/21/2021 18:00,11.89833333,18.74333333,4.6896,35.12946129
7/21/2021 18:06,11.9135,18.73333333,4.684,35.09064322
7/21/2021 18:12,11.92341667,18.74,4.6816,35.06457872
7/21/2021 18:18,11.938,18.71666667,4.6736,35.01687048
7/21/2021 18:24,11.95258333,18.70666667,4.67,34.99495637
7/21/2021 18:30,11.966,18.69,4.6624,34.94484609
7/21/2021 18:36,11.97475,18.69333333,4.66,34.92178107
7/21/2021 18:42,11.98875,18.68666667,4.6544,34.88046641
7/21/2021 18:48,11.99283333,18.68,4.6508,34.8559185
7/21/2021 18:54,12.00508333,18.68666667,4.6488,34.83349277
7/21/2021 19:00,12.01208333,18.68666667,4.6452,34.80329544
7/21/2021 19:06,12.0185,18.66666667,4.6396,34.77323418
7/21/2021 19:12,12.02083333,18.67,4.6384,34.76034501
7/21/2021 19:18,12.02666667,18.66666667,4.636,34.74302373
7/21/2021 19:24,12.02841667,18.67666667,4.6348,34.7245043
7/21/2021 19:30,12.03075,18.69333333,4.6352,34.7137851
7/21/2021 19:36,12.02841667,18.69666667,4.6344,34.70426222
7/21/2021 19:42,12.02666667,18.72666667,4.6364,34.69572231
7/21/2021 19:48,12.01908333,18.75,4.6384,34.69281079
7/21/2021 19:54,12.01908333,18.77333333,4.6408,34.69325116
7/21/2021 20:00,12.00741667,18.84333333,4.6548,34.75141561
7/21/2021 20:06,12.001,18.89,4.6664,34.80902363
7/21/2021 20:12,12.00041667,18.95666667,4.6852,34.90970401
7/21/2021 20:18,11.98758333,19.04333333,4.7008,34.96691716
7/21/2021 20:24,11.98933333,19.07333333,4.7068,34.99181177
7/21/2021 20:30,11.96891667,19.10666667,4.7128,35.01383311
7/21/2021 20:36,11.96075,19.16666667,4.7168,34.99632886
7/21/2021 20:42,11.95258333,19.20666667,4.7232,35.01598629
7/21/2021 20:48,11.9415,19.25333333,4.7256,34.99643875
7/21/2021 20:54,11.93158333,19.31,4.738,35.05211116
7/21/2021 21:00,11.92516667,19.37666667,4.7428,35.03566508
7/21/2021 21:06,11.91816667,19.45333333,4.7532,35.05751039
7/21/2021 21:12,11.90533333,19.50333333,4.7612,35.08186132
7/21/2021 21:18,11.89541667,19.56333333,4.7696,35.1010291
7/21/2021 21:24,11.89016667,19.61666667,4.7764,35.1124852
7/21/2021 21:30,11.88375,19.67333333,4.7844,35.13106228
7/21/2021 21:36,11.86916667,19.74666667,4.7916,35.12890432
7/21/2021 21:42,11.87208333,19.78333333,4.7988,35.15764254
7/21/2021 21:48,11.85925,19.81666667,4.8044,35.17590485
7/21/2021 21:54,11.8575,19.86333333,4.812,35.19944448
7/21/2021 22:00,11.84116667,19.88333333,4.8164,35.2189636
7/21/2021 22:06,11.83125,19.90666667,4.8216,35.24226571
7/21/2021 22:12,11.82133333,19.97333333,4.8296,35.25215466
7/21/2021 22:18,11.81958333,20.03333333,4.8368,35.26103094
7/21/2021 22:24,11.81258333,20.06,4.8416,35.27814239
7/21/2021 22:30,11.80616667,20.09666667,4.8464,35.28683032
7/21/2021 22:36,11.798,20.12666667,4.8516,35.30439299
7/21/2021 22:42,11.79625,20.15666667,4.8556,35.31207333
7/21/2021 22:48,11.78458333,20.15,4.8568,35.32753378
7/21/2021 22:54,11.78341667,20.15666667,4.86,35.34822717
7/21/2021 23:00,11.77816667,20.21333333,4.8656,35.34661576
7/21/2021 23:06,11.77991667,20.22,4.8676,35.35743191
7/21/2021 23:12,11.7735,20.19666667,4.8664,35.36717934
7/21/2021 23:18,11.77466667,20.17,4.8636,35.366596
7/21/2021 23:24,11.77466667,20.19,4.8676,35.38263451
7/21/2021 23:30,11.77991667,20.26333333,4.8728,35.36371579
7/21/2021 23:36,11.78808333,20.29666667,4.8756,35.35871059
7/21/2021 23:42,11.798,20.31,4.876,35.35081342
7/21/2021 23:48,11.80791667,20.33,4.878,35.35043763
7/21/2021 23:54,11.81783333,20.32,4.8752,35.33588595
7/22/2021 0:00,11.82775,20.36,4.8768,35.3155111
7/22/2021 0:06,11.83941667,20.38333333,4.8768,35.29600896
7/22/2021 0:12,11.85108333,20.39333333,4.8788,35.30400885
7/22/2021 0:18,11.86216667,20.39666667,4.8768,35.28487344
7/22/2021 0:24,11.87383333,20.37666667,4.868,35.22960464
7/22/2021 0:30,11.88375,20.34,4.8572,35.17181252
7/22/2021 0:36,11.90066667,20.29333333,4.8452,35.11243117
7/22/2021 0:42,11.91525,20.26666667,4.8396,35.08875252
7/22/2021 0:48,11.93158333,20.19666667,4.8256,35.03221663
7/22/2021 0:54,11.94791667,20.13,4.8116,34.97273703
7/22/2021 1:00,11.96308333,20.04666667,4.794,34.89773284
7/22/2021 1:06,11.98466667,19.98,4.7796,34.8352534
7/22/2021 1:12,12.00275,19.93,4.77,34.79807931
7/22/2021 1:18,12.02083333,19.87,4.7584,34.75271226
7/22/2021 1:24,12.04358333,19.78,4.7408,34.68280642
7/22/2021 1:30,12.06166667,19.71,4.7292,34.64539132
7/22/2021 1:36,12.08675,19.59,4.7096,34.58334205
7/22/2021 1:42,12.1095,19.51333333,4.6948,34.52476378
7/22/2021 1:48,12.12933333,19.42,4.676,34.44673019
7/22/2021 1:54,12.15908333,19.34333333,4.6628,34.40094672
7/22/2021 2:00,12.19,19.20666667,4.6376,34.3051106
7/22/2021 2:06,12.21333333,19.12666667,4.6252,34.26828561
7/22/2021 2:12,12.24191667,19.01333333,4.608,34.21895334
7/22/2021 2:18,12.27283333,18.9,4.59,34.16269976
7/22/2021 2:24,12.29208333,18.74666667,4.566,34.08910843
7/22/2021 2:30,12.32066667,18.64,4.5524,34.06361821
7/22/2021 2:36,12.35216667,18.49,4.532,34.01683115
7/22/2021 2:42,12.386,18.32333333,4.5064,33.93968419
7/22/2021 2:48,12.41516667,18.23,4.494,33.91263763
7/22/2021 2:54,12.44375,18.10666667,4.476,33.86301358
7/22/2021 3:00,12.48108333,18.05,4.4672,33.8356172
7/22/2021 3:06,12.49858333,17.97,4.4528,33.77998227
7/22/2021 3:12,12.533,17.94666667,4.4484,33.76201337
7/22/2021 3:18,12.56566667,17.92333333,4.442,33.72696683
7/22/2021 3:24,12.59366667,17.93,4.442,33.7213892
7/22/2021 3:30,12.62341667,17.92666667,4.4388,33.69688523
7/22/2021 3:36,12.64675,17.92333333,4.4364,33.6792013
7/22/2021 3:42,12.68466667,17.90666667,4.4324,33.65900418
7/22/2021 3:48,12.71091667,17.90666667,4.4332,33.66583034
7/22/2021 3:54,12.7325,17.86666667,4.4268,33.64463133
7/22/2021 4:00,12.7605,17.76333333,4.4128,33.6113781
7/22/2021 4:06,12.78325,17.65666667,4.4,33.59106302
7/22/2021 4:12,12.81125,17.56,4.3896,33.58288741
7/22/2021 4:18,12.83458333,17.47666667,4.3812,33.58068284
7/22/2021 4:24,12.85208333,17.25666667,4.3556,33.54518157
7/22/2021 4:30,12.8725,17.21333333,4.352,33.55064682
7/22/2021 4:36,12.89408333,17.06,4.3352,33.53475451
7/22/2021 4:42,12.91566667,16.94333333,4.3224,33.52243721
7/22/2021 4:48,12.92675,16.84,4.312,33.51966264
7/22/2021 4:54,12.93433333,16.73666667,4.3024,33.52388237
7/22/2021 5:00,12.94483333,16.64,4.2928,33.52241087
7/22/2021 5:06,12.95183333,16.41666667,4.2712,33.52409771
7/22/2021 5:12,12.9565,16.35,4.2652,33.52856127
7/22/2021 5:18,12.95591667,16.34333333,4.2644,33.52724078
7/22/2021 5:24,12.95008333,16.35,4.2648,33.52502663
7/22/2021 5:30,12.94191667,16.33,4.2628,33.5245986
7/22/2021 5:36,12.9285,16.32,4.262,33.52615298
7/22/2021 5:42,12.91566667,16.32666667,4.2636,33.5345474
7/22/2021 5:48,12.90108333,16.31333333,4.2612,33.52483122
7/22/2021 5:54,12.88591667,16.34,4.2656,33.5407222
7/22/2021 6:00,12.86433333,16.34666667,4.2668,33.54557564
7/22/2021 6:06,12.841,16.39,4.2716,33.55060137
7/22/2021 6:12,12.82466667,16.48666667,4.284,33.57668447
7/22/2021 6:18,12.80425,16.60333333,4.2992,33.6100714
7/22/2021 6:24,12.77858333,17,4.3668,33.86089046
7/22/2021 6:30,12.757,17.20333333,4.3864,33.85726805
7/22/2021 6:36,12.74241667,17.35666667,4.4172,33.99293064
7/22/2021 6:42,12.71733333,17.49666667,4.432,34.00127694
7/22/2021 6:48,12.69925,17.62,4.4404,33.96875887
7/22/2021 6:54,12.67475,17.71666667,4.45,33.96924109
7/22/2021 7:00,12.65025,17.75666667,4.4644,34.05871133
7/22/2021 7:06,12.62866667,17.83,4.464,33.99326436
7/22/2021 7:12,12.60358333,17.88,4.4708,34.00914811
7/22/2021 7:18,12.58258333,17.91333333,4.472,33.99127965
7/22/2021 7:24,12.56275,17.94666667,4.4736,33.97684754
7/22/2021 7:30,12.53125,17.97333333,4.48,34.00894031
7/22/2021 7:36,12.50966667,17.99,4.4808,34.00172467
7/22/2021 7:42,12.48166667,18.01666667,4.486,34.02355775
7/22/2021 7:48,12.4595,18.04,4.4888,34.02775229
7/22/2021 7:54,12.43558333,18.07333333,4.496,34.06094148
7/22/2021 8:00,12.40816667,18.11,4.5024,34.08448168
7/22/2021 8:06,12.38833333,18.18,4.5168,34.14782184
7/22/2021 8:12,12.3615,18.24333333,4.5288,34.19625034
7/22/2021 8:18,12.3405,18.29,4.5388,34.2416455
7/22/2021 8:24,12.31716667,18.33666667,4.55,34.29709082
7/22/2021 8:30,12.29033333,18.39333333,4.5608,34.3406278
7/22/2021 8:36,12.26758333,18.44333333,4.57,34.37617548
7/22/2021 8:42,12.246,18.49666667,4.582,34.43242565
7/22/2021 8:48,12.22325,18.54333333,4.5912,34.47059866
7/22/2021 8:54,12.20458333,18.59666667,4.602,34.51653133
7/22/2021 9:00,12.17366667,18.64333333,4.6112,34.55453604
7/22/2021 9:06,12.15441667,18.69,4.6216,34.60252876
7/22/2021 9:12,12.12816667,18.73333333,4.63,34.63647198
7/22/2021 9:18,12.10425,18.77666667,4.6408,34.69044371
7/22/2021 9:24,12.08325,18.83333333,4.6516,34.73308338
7/22/2021 9:30,12.06516667,18.87,4.6608,34.77909708
7/22/2021 9:36,12.04533333,18.92333333,4.6728,34.83436432
7/22/2021 9:42,12.02491667,18.95666667,4.6796,34.86300423
7/22/2021 9:48,12.001,18.99,4.688,34.90493614
7/22/2021 9:54,11.99108333,19.02,4.6948,34.93630818
7/22/2021 10:00,11.95783333,19.05666667,4.7044,34.98583616
7/22/2021 10:06,11.9415,19.08,4.712,35.02984776
7/22/2021 10:12,11.92341667,19.11,4.72,35.07148583
7/22/2021 10:18,11.90708333,19.13333333,4.7268,35.10868583
7/22/2021 10:24,11.88725,19.15333333,4.7344,35.15541127
7/22/2021 10:30,11.87033333,19.16333333,4.7384,35.18043737
7/22/2021 10:36,11.854,19.17333333,4.7432,35.21216507
7/22/2021 10:42,11.83941667,19.18,4.7472,35.24002067
7/22/2021 10:48,11.81783333,19.18333333,4.7508,35.26736728
7/22/2021 10:54,11.80091667,19.18666667,4.7544,35.29470998
7/22/2021 11:00,11.78633333,19.18333333,4.7556,35.30763271
7/22/2021 11:06,11.763,19.17666667,4.7564,35.32005997
7/22/2021 11:12,11.75016667,19.17,4.7588,35.34591646
7/22/2021 11:18,11.73033333,19.16333333,4.76,35.36170967
7/22/2021 11:24,11.72041667,19.15666667,4.7608,35.37415003
7/22/2021 11:30,11.70583333,19.14333333,4.762,35.39568312
7/22/2021 11:36,11.68775,19.13333333,4.764,35.42107846
7/22/2021 11:42,11.67083333,19.11333333,4.7632,35.43157586
7/22/2021 11:48,11.658,19.1,4.7628,35.43969963
7/22/2021 11:54,11.64108333,19.09,4.7628,35.44831717
7/22/2021 12:00,11.62941667,19.07666667,4.7636,35.46653931
7/22/2021 12:06,11.616,19.06666667,4.7632,35.47180308
7/22/2021 12:12,11.60316667,19.06,4.7644,35.48764953
7/22/2021 12:18,11.59325,19.05333333,4.766,35.50686539
7/22/2021 12:24,11.58158333,19.04666667,4.766,35.51262543
7/22/2021 12:30,11.5635,19.04666667,4.766,35.51262543
7/22/2021 12:36,11.55066667,19.03333333,4.7676,35.53761568
7/22/2021 12:42,11.53725,19.03,4.7688,35.55059857
7/22/2021 12:48,11.52558333,19.02666667,4.77,35.56358334
7/22/2021 12:54,11.5145,19.02333333,4.7704,35.56983591
7/22/2021 13:00,11.49758333,19.02,4.7716,35.58282392
7/22/2021 13:06,11.48591667,19.01666667,4.772,35.58907877
7/22/2021 13:12,11.4795,19.01,4.7732,35.60495918
7/22/2021 13:18,11.46666667,19.00333333,4.7736,35.61410719
7/22/2021 13:24,11.4585,18.99333333,4.7764,35.64636477
7/22/2021 13:30,11.44508333,18.99333333,4.7764,35.64636477
7/22/2021 13:36,11.43341667,18.98333333,4.778,35.66852648
7/22/2021 13:42,11.4235,18.97666667,4.7796,35.68780016
7/22/2021 13:48,11.41825,18.96666667,4.7808,35.70660764
7/22/2021 13:54,11.40891667,18.96,4.7816,35.71915047
7/22/2021 14:00,11.40191667,18.94666667,4.7824,35.73750176
7/22/2021 14:06,11.392,18.94333333,4.7832,35.74715051
7/22/2021 14:12,11.3885,18.93666667,4.7848,35.76645216
7/22/2021 14:18,11.37041667,18.93666667,4.7856,35.77319882
7/22/2021 14:24,11.3675,18.93666667,4.7864,35.77994548
7/22/2021 14:30,11.35758333,18.93333333,4.788,35.79634652
7/22/2021 14:36,11.35116667,18.93333333,4.7896,35.80984081
7/22/2021 14:42,11.3395,18.93666667,4.7888,35.80018547
7/22/2021 14:48,11.33425,18.93333333,4.7904,35.81658796
7/22/2021 14:54,11.32958333,18.93,4.7908,35.82287136
7/22/2021 15:00,11.32491667,18.92333333,4.792,35.83881518
7/22/2021 15:06,11.31966667,18.92,4.7932,35.85185063
7/22/2021 15:12,11.31966667,18.91666667,4.794,35.86151317
7/22/2021 15:18,11.32141667,18.91333333,4.7952,35.87455214
7/22/2021 15:24,11.32608333,18.91333333,4.7972,35.8914273
7/22/2021 15:30,11.33308333,18.91,4.7972,35.89434353
7/22/2021 15:36,11.33775,18.9,4.7952,35.88621473
7/22/2021 15:42,11.34591667,18.88666667,4.7936,35.88437614
7/22/2021 15:48,11.35583333,18.89333333,4.794,35.88191907
7/22/2021 15:54,11.364,18.88333333,4.7916,35.87040743
7/22/2021 16:00,11.37566667,18.89666667,4.7988,35.91951767
7/22/2021 16:06,11.38733333,18.97333333,4.8172,36.00753991
7/22/2021 16:12,11.40191667,18.96333333,4.8128,35.97921833
7/22/2021 16:18,11.41533333,18.92,4.8028,35.93283974
7/22/2021 16:24,11.43341667,18.88666667,4.7952,35.89788405
7/22/2021 16:30,11.4515,18.86333333,4.79,35.87439868
7/22/2021 16:36,11.46958333,18.85,4.7848,35.84213829
7/22/2021 16:42,11.48766667,18.83,4.78,35.81907119
7/22/2021 16:48,11.5075,18.81333333,4.7744,35.78630398
7/22/2021 16:54,11.53083333,18.79333333,4.768,35.74965913
7/22/2021 17:00,11.55066667,18.77333333,4.7608,35.70621195
7/22/2021 17:06,11.57866667,18.76333333,4.7568,35.68108822
7/22/2021 17:12,11.59325,18.75333333,4.7528,35.6559536
7/22/2021 17:18,11.6195,18.74666667,4.7488,35.62790035
7/22/2021 17:24,11.64575,18.74666667,4.746,35.60418971
7/22/2021 17:30,11.66733333,18.73666667,4.7428,35.58580525
7/22/2021 17:36,11.69066667,18.72,4.7372,35.55288729
7/22/2021 17:42,11.72041667,18.70666667,4.7328,35.5272138
7/22/2021 17:48,11.73966667,18.68666667,4.726,35.48697986
7/22/2021 17:54,11.763,18.66666667,4.7204,35.45689032
7/22/2021 18:00,11.78283333,18.64666667,4.716,35.43695841
7/22/2021 18:06,11.80441667,18.62666667,4.7084,35.38984057
7/22/2021 18:12,11.82425,18.6,4.7028,35.36546415
7/22/2021 18:18,11.84233333,18.57,4.6956,35.33035625
7/22/2021 18:24,11.86508333,18.53666667,4.688,35.29469637
7/22/2021 18:30,11.889,18.49,4.6764,35.23651056
7/22/2021 18:36,11.9065,18.45333333,4.6692,35.2070241
7/22/2021 18:42,11.93683333,18.41,4.6564,35.13551247
7/22/2021 18:48,11.94616667,18.36666667,4.6492,35.11168069
7/22/2021 18:54,11.966,18.33,4.64,35.06492381
7/22/2021 19:00,11.98875,18.26666667,4.6272,35.01043436
7/22/2021 19:06,11.99866667,18.23666667,4.62,34.97483618
7/22/2021 19:12,12.01383333,18.2,4.6132,34.94840301
7/22/2021 19:18,12.03016667,18.17666667,4.6084,34.92758693
7/22/2021 19:24,12.04183333,18.15666667,4.6024,34.8938491
7/22/2021 19:30,12.0535,18.12,4.5952,34.8641915
7/22/2021 19:36,12.06458333,18.11333333,4.5924,34.84613041
7/22/2021 19:42,12.07508333,18.08,4.5856,34.81694654
7/22/2021 19:48,12.08616667,18.06333333,4.5816,34.79723658
7/22/2021 19:54,12.09783333,18.05333333,4.5792,34.78540366
7/22/2021 20:00,12.10425,18.03666667,4.5744,34.75886393
7/22/2021 20:06,12.11066667,18.03666667,4.5744,34.75886393
7/22/2021 20:12,12.11241667,18.04333333,4.574,34.74974589
7/22/2021 20:18,12.11766667,18.06666667,4.576,34.74676281
7/22/2021 20:24,12.11591667,18.07666667,4.5784,34.75860077
7/22/2021 20:30,12.11416667,18.09666667,4.58,34.75507054
7/22/2021 20:36,12.11241667,18.09333333,4.5784,34.74432849
7/22/2021 20:42,12.10425,18.14666667,4.5864,34.76662904
7/22/2021 20:48,12.10133333,18.18,4.5884,34.75509591
7/22/2021 20:54,12.09083333,18.20333333,4.5912,34.75890075
7/22/2021 21:00,12.08441667,18.22666667,4.594,34.76270169
7/22/2021 21:06,12.07625,18.34333333,4.6128,34.82221381
7/22/2021 21:12,12.06633333,18.42666667,4.6284,34.88285448
7/22/2021 21:18,12.05641667,18.52333333,4.6448,34.93868425
7/22/2021 21:24,12.04883333,18.52,4.6416,34.91454611
7/22/2021 21:30,12.04066667,18.6,4.6532,34.94410676
7/22/2021 21:36,12.02375,18.64333333,4.6556,34.92732069
7/22/2021 21:42,12.01733333,18.72,4.6696,34.98011356
7/22/2021 21:48,12.00741667,18.78,4.6752,34.97604561
7/22/2021 21:54,12.00041667,18.82666667,4.6804,34.98002739
7/22/2021 22:00,11.98291667,18.89,4.69,35.00688478
7/22/2021 22:06,11.97708333,18.94666667,4.6972,35.01913744
7/22/2021 22:12,11.966,18.99,4.7024,35.02591026
7/22/2021 22:18,11.96075,19.05666667,4.712,35.04976374
7/22/2021 22:24,11.94791667,19.11,4.7212,35.08156807
7/22/2021 22:30,11.93975,19.16,4.7284,35.09935861
7/22/2021 22:36,11.92516667,19.21,4.7372,35.13052506
7/22/2021 22:42,11.92283333,19.26666667,4.7452,35.14924226
7/22/2021 22:48,11.9065,19.31666667,4.7524,35.16690058
7/22/2021 22:54,11.89833333,19.35666667,4.7596,35.19303482
7/22/2021 23:00,11.8855,19.40333333,4.766,35.20676994
7/22/2021 23:06,11.87733333,19.44666667,4.7728,35.22664924
7/22/2021 23:12,11.86916667,19.49333333,4.7792,35.24032449
7/22/2021 23:18,11.86216667,19.53,4.7852,35.25913893
7/22/2021 23:24,11.85575,19.55,4.79,35.28210053
7/22/2021 23:30,11.84408333,19.58666667,4.796,35.30085963
7/22/2021 23:36,11.84408333,19.61,4.8008,35.32094327
7/22/2021 23:42,11.83591667,19.61333333,4.8052,35.35468325
7/22/2021 23:48,11.82775,19.60666667,4.808,35.38362944
7/22/2021 23:54,11.82133333,19.63,4.812,35.39701632
7/23/2021 0:00,11.82133333,19.66,4.8148,35.3947544
7/23/2021 0:06,11.81783333,19.64666667,4.8176,35.42935225
7/23/2021 0:12,11.81783333,19.63,4.8172,35.44022252
7/23/2021 0:18,11.81958333,19.65333333,4.8184,35.43032134
7/23/2021 0:24,11.82133333,19.65666667,4.8228,35.46402247
7/23/2021 0:30,11.8225,19.69666667,4.8276,35.46980222
7/23/2021 0:36,11.82775,19.70666667,4.8316,35.49447259
7/23/2021 0:42,11.83941667,19.70666667,4.8296,35.47788189
7/23/2021 0:48,11.84116667,19.73,4.8272,35.43812972
7/23/2021 0:54,11.84933333,19.73666667,4.8268,35.42914778
7/23/2021 1:00,11.85925,19.75333333,4.8276,35.42162089
7/23/2021 1:06,11.86916667,19.75666667,4.8252,35.3989026
7/23/2021 1:12,11.87908333,19.76666667,4.8248,35.38710355
7/23/2021 1:18,11.89191667,19.76666667,4.8208,35.3539644
7/23/2021 1:24,11.90825,19.76333333,4.8168,35.32364831
7/23/2021 1:30,11.92516667,19.75333333,4.8092,35.26913768
7/23/2021 1:36,11.938,19.7,4.7964,35.20811327
7/23/2021 1:42,11.95141667,19.61333333,4.7792,35.13857561
7/23/2021 1:48,11.97125,19.59666667,4.774,35.10943943
7/23/2021 1:54,11.98758333,19.52666667,4.762,35.06878087
7/23/2021 2:00,12.00391667,19.41333333,4.7416,34.9945858
7/23/2021 2:06,12.02375,19.32,4.7252,34.93655906
7/23/2021 2:12,12.05291667,19.19666667,4.7028,34.85428934
7/23/2021 2:18,12.07158333,19.08666667,4.6848,34.79701199
7/23/2021 2:24,12.09783333,18.91666667,4.6532,34.67639204
7/23/2021 2:30,12.11766667,18.84666667,4.646,34.67504813
7/23/2021 2:36,12.14391667,18.71666667,4.6232,34.5935047
7/23/2021 2:42,12.17016667,18.59333333,4.6048,34.54287169
7/23/2021 2:48,12.19641667,18.52666667,4.5952,34.51830112
7/23/2021 2:54,12.22383333,18.32,4.5636,34.42611847
7/23/2021 3:00,12.2495,18.23666667,4.5516,34.3949965
7/23/2021 3:06,12.2775,18.07666667,4.5288,34.33696248
7/23/2021 3:12,12.30841667,17.92,4.508,34.29274859
7/23/2021 3:18,12.337,17.75666667,4.4836,34.22308389
7/23/2021 3:24,12.37141667,17.52,4.45,34.13634622
7/23/2021 3:30,12.39941667,17.33333333,4.4276,34.1027304
7/23/2021 3:36,12.42975,17.15666667,4.4024,34.03594987
7/23/2021 3:42,12.46183333,16.88333333,4.366,33.95417744
7/23/2021 3:48,12.49275,16.71666667,4.3456,33.91954923
7/23/2021 3:54,12.5225,16.51333333,4.3184,33.85659233
7/23/2021 4:00,12.561,16.41,4.3084,33.85810926
7/23/2021 4:06,12.58841667,16.30333333,4.2908,33.79530622
7/23/2021 4:12,12.62166667,16.19,4.276,33.76283027
7/23/2021 4:18,12.64616667,16.10333333,4.2656,33.74603633
7/23/2021 4:24,12.67708333,16.07333333,4.2604,33.72597879
7/23/2021 4:30,12.71091667,16.02666667,4.2532,33.70263634
7/23/2021 4:36,12.743,16,4.25,33.69741964
7/23/2021 4:42,12.77683333,15.95666667,4.2416,33.66039486
7/23/2021 4:48,12.79666667,15.91666667,4.238,33.66322581
7/23/2021 4:54,12.82525,15.84,4.2276,33.63737316
7/23/2021 5:00,12.855,15.68,4.208,33.6020079
7/23/2021 5:06,12.87775,15.57666667,4.198,33.60294152
7/23/2021 5:12,12.9005,15.46666667,4.1864,33.59532874
7/23/2021 5:18,12.92383333,15.36666667,4.176,33.58968893
7/23/2021 5:24,12.94425,15.30333333,4.1696,33.58779334
7/23/2021 5:30,12.96058333,15.22666667,4.1612,33.57957195
7/23/2021 5:36,12.97225,15.12333333,4.1512,33.58046096
7/23/2021 5:42,12.98041667,15.07666667,4.146,33.57463942
7/23/2021 5:48,12.99208333,15.02333333,4.1404,33.57109507
7/23/2021 5:54,13.00025,14.97,4.1348,33.56754179
7/23/2021 6:00,13.002,14.94333333,4.1316,33.56210961
7/23/2021 6:06,12.99675,14.9,4.1268,33.55692361
7/23/2021 6:12,12.98858333,14.90666667,4.1276,33.55828451
7/23/2021 6:18,12.97866667,14.92333333,4.1296,33.56168489
7/23/2021 6:24,12.96583333,14.95,4.132,33.55981669
7/23/2021 6:30,12.95241667,14.94333333,4.1312,33.55845742
7/23/2021 6:36,12.93433333,14.94666667,4.1308,33.55183331
7/23/2021 6:42,12.91625,14.95,4.1312,33.55251346
7/23/2021 6:48,12.89466667,14.96333333,4.132,33.54793208
7/23/2021 6:54,12.87658333,14.99,4.1352,33.55337063
7/23/2021 7:00,12.85325,15.05333333,4.1432,33.56990249
7/23/2021 7:06,12.83516667,15.16333333,4.1544,33.57402176
7/23/2021 7:12,12.81241667,15.29666667,4.1688,33.58644971
7/23/2021 7:18,12.792,15.40666667,4.1836,33.62301651
7/23/2021 7:24,12.77041667,15.47666667,4.1916,33.63340108
7/23/2021 7:30,12.74708333,15.53666667,4.198,33.63815897
7/23/2021 7:36,12.72491667,15.59333333,4.2064,33.66382215
7/23/2021 7:42,12.70275,15.66666667,4.2144,33.67116383
7/23/2021 7:48,12.67941667,15.71666667,4.2216,33.69180587
7/23/2021 7:54,12.65666667,15.77666667,4.2292,33.70720091
7/23/2021 8:00,12.62925,15.85,4.2412,33.75019328
7/23/2021 8:06,12.60825,15.93,4.2504,33.76221187
7/23/2021 8:12,12.58491667,15.99,4.2592,33.78812569
7/23/2021 8:18,12.55925,16.04666667,4.2668,33.80620634
7/23/2021 8:24,12.53475,16.14666667,4.2804,33.83966959
7/23/2021 8:30,12.51083333,16.21333333,4.29,33.86662073
7/23/2021 8:36,12.48691667,16.27,4.298,33.88804799
7/23/2021 8:42,12.46125,16.37333333,4.3136,33.93591405
7/23/2021 8:48,12.43558333,16.46666667,4.3276,33.97815787
7/23/2021 8:54,12.41166667,16.56333333,4.342,34.02084175
7/23/2021 9:00,12.38716667,16.69666667,4.3612,34.07360428
7/23/2021 9:06,12.36091667,16.79666667,4.3756,34.11296706
7/23/2021 9:12,12.33816667,16.91,4.3932,34.16853097
7/23/2021 9:18,12.32358333,17.08333333,4.4208,34.25889307
7/23/2021 9:24,12.29033333,17.24,4.4468,34.34908871
7/23/2021 9:30,12.26583333,17.35,4.4636,34.3994674
7/23/2021 9:36,12.24775,17.49,4.4852,34.46510727
7/23/2021 9:42,12.22441667,17.61333333,4.5076,34.55154928
7/23/2021 9:48,12.19641667,17.72,4.5264,34.62101923
7/23/2021 9:54,12.18183333,17.80333333,4.5404,34.66918462
7/23/2021 10:00,12.15033333,17.9,4.5576,34.73302685
7/23/2021 10:06,12.1305,17.95666667,4.5684,34.77643822
7/23/2021 10:12,12.11125,18.03,4.582,34.82925314
7/23/2021 10:18,12.0815,18.09,4.5936,34.87635593
7/23/2021 10:24,12.07158333,18.14,4.6028,34.91155185
7/23/2021 10:30,12.04475,18.17666667,4.6108,34.94808435
7/23/2021 10:36,12.029,18.23,4.622,34.99774972
7/23/2021 10:42,12.00858333,18.25666667,4.628,35.02596247
7/23/2021 10:48,11.98583333,18.30333333,4.6372,35.0641401
7/23/2021 10:54,11.96775,18.34,4.6468,35.11434227
7/23/2021 11:00,11.94791667,18.36666667,4.6524,35.13900376
7/23/2021 11:06,11.93508333,18.38,4.6572,35.16839567
7/23/2021 11:12,11.91,18.40333333,4.6632,35.1993144
7/23/2021 11:18,11.89483333,18.41666667,4.6668,35.21843024
7/23/2021 11:24,11.875,18.42666667,4.6708,35.24384526
7/23/2021 11:30,11.85691667,18.44333333,4.6756,35.27026718
7/23/2021 11:36,11.83883333,18.45333333,4.6804,35.30247394
7/23/2021 11:42,11.82425,18.45666667,4.684,35.33024977
7/23/2021 11:48,11.80616667,18.46,4.6872,35.35461314
7/23/2021 11:54,11.78633333,18.46333333,4.69,35.37556478
7/23/2021 12:00,11.77466667,18.46,4.692,35.39551426
7/23/2021 12:06,11.76008333,18.46,4.6936,35.40914797
7/23/2021 12:12,11.74141667,18.45666667,4.6952,35.42569267
7/23/2021 12:18,11.72508333,18.45333333,4.6968,35.44223978
7/23/2021 12:24,11.71575,18.45,4.698,35.45538012
7/23/2021 12:30,11.69533333,18.44666667,4.6992,35.46852238
7/23/2021 12:36,11.68366667,18.44333333,4.7008,35.48507622
7/23/2021 12:42,11.67083333,18.44,4.702,35.49822255
7/23/2021 12:48,11.65566667,18.43666667,4.7036,35.51478096
7/23/2021 12:54,11.63933333,18.43333333,4.7048,35.52793137
7/23/2021 13:00,11.62941667,18.42666667,4.706,35.54400521
7/23/2021 13:06,11.61775,18.42333333,4.7076,35.56057177
7/23/2021 13:12,11.60316667,18.42333333,4.71,35.58103871
7/23/2021 13:18,11.58975,18.41666667,4.7092,35.58006553
7/23/2021 13:24,11.57516667,18.41,4.7112,35.60297711
7/23/2021 13:30,11.56525,18.41,4.7132,35.62003787
7/23/2021 13:36,11.55183333,18.40333333,4.7144,35.63613332
7/23/2021 13:42,11.54016667,18.39666667,4.7156,35.65223346
7/23/2021 13:48,11.532,18.39666667,4.7192,35.68295177
7/23/2021 13:54,11.51566667,18.39333333,4.718,35.67564556
7/23/2021 14:00,11.50575,18.39666667,4.72,35.68977806
7/23/2021 14:06,11.49583333,18.39666667,4.7228,35.71367007
7/23/2021 14:12,11.48766667,18.40333333,4.7248,35.72486216
7/23/2021 14:18,11.47775,18.40666667,4.7268,35.73898798
7/23/2021 14:24,11.46841667,18.41,4.7292,35.75652389
7/23/2021 14:30,11.45791667,18.41333333,4.7308,35.76723345
7/23/2021 14:36,11.44683333,18.42,4.734,35.78864788
7/23/2021 14:42,11.43983333,18.42333333,4.7352,35.7959416
7/23/2021 14:48,11.427,18.43,4.7376,35.81052585
7/23/2021 14:54,11.41533333,18.43666667,4.7392,35.81828553
7/23/2021 15:00,11.41008333,18.43666667,4.7408,35.83192618
7/23/2021 15:06,11.40016667,18.44666667,4.7424,35.83673965
7/23/2021 15:12,11.38908333,18.46,4.7456,35.85224347
7/23/2021 15:18,11.38383333,18.47666667,4.748,35.85798181
7/23/2021 15:24,11.37391667,18.49666667,4.752,35.87439828
7/23/2021 15:30,11.3675,18.51666667,4.7552,35.88399201
7/23/2021 15:36,11.35758333,18.53666667,4.7588,35.8969801
7/23/2021 15:42,11.35291667,18.56,4.762,35.90361607
7/23/2021 15:48,11.35058333,18.59333333,4.768,35.92522196
7/23/2021 15:54,11.34416667,18.62,4.7736,35.94927724
7/23/2021 16:00,11.343,18.65,4.776,35.94321119
7/23/2021 16:06,11.34125,18.67333333,4.7792,35.94980738
7/23/2021 16:12,11.343,18.7,4.782,35.95007199
7/23/2021 16:18,11.34941667,18.73333333,4.7856,35.95124937
7/23/2021 16:24,11.35758333,18.75666667,4.7896,35.96460257
7/23/2021 16:30,11.364,18.77666667,4.792,35.96733306
7/23/2021 16:36,11.37391667,18.78666667,4.7932,35.96869741
7/23/2021 16:42,11.38733333,18.80666667,4.8052,36.05261229
7/23/2021 16:48,11.40016667,18.81666667,4.8276,36.23320849
7/23/2021 16:54,11.41533333,18.85666667,4.8344,36.25532336
7/23/2021 17:00,11.43633333,18.89666667,4.8384,36.25376625
7/23/2021 17:06,11.45675,18.9,4.822,36.11240707
7/23/2021 17:12,11.46666667,18.91333333,4.808,35.98255317
7/23/2021 17:18,11.48591667,18.90666667,4.8064,35.97489711
7/23/2021 17:24,11.511,18.91,4.8024,35.93822211
7/23/2021 17:30,11.53258333,18.92,4.7984,35.89571973
7/23/2021 17:36,11.55533333,18.93333333,4.798,35.88068586
7/23/2021 17:42,11.5705,18.95,4.7968,35.85600408
7/23/2021 17:48,11.60841667,18.95333333,4.794,35.8294883
7/23/2021 17:54,11.63116667,18.97,4.7924,35.80146469
7/23/2021 18:00,11.651,18.97666667,4.79,35.77543105
7/23/2021 18:06,11.67433333,18.99333333,4.788,35.74407177
7/23/2021 18:12,11.70175,18.99666667,4.7836,35.70411298
7/23/2021 18:18,11.75833333,19.00333333,4.7796,35.66463439
7/23/2021 18:24,11.75658333,19.01333333,4.7756,35.62227656
7/23/2021 18:30,11.77641667,19.02666667,4.7724,35.58378405
7/23/2021 18:36,11.80908333,19.03666667,4.7688,35.54483101
7/23/2021 18:42,11.82425,19.03333333,4.7644,35.51068527
7/23/2021 18:48,11.84408333,19.03,4.7604,35.47990116
7/23/2021 18:54,11.87325,19.00666667,4.7528,35.4360686
7/23/2021 19:00,11.89133333,18.98666667,4.746,35.39605579
7/23/2021 19:06,11.91641667,18.96666667,4.74,35.36275071
7/23/2021 19:12,11.94441667,18.94666667,4.732,35.31255385
7/23/2021 19:18,11.96308333,18.94,4.7288,35.29131448
7/23/2021 19:24,11.97475,18.91333333,4.7196,35.23667106
7/23/2021 19:30,11.99691667,18.88666667,4.7116,35.19209556
7/23/2021 19:36,12.02491667,18.87666667,4.7036,35.13314513
7/23/2021 19:42,12.03541667,18.84,4.6948,35.09030187
7/23/2021 19:48,12.05875,18.83,4.6912,35.06846217
7/23/2021 19:54,12.06166667,18.8,4.68,34.99950298
7/23/2021 20:00,12.09491667,18.79,4.6732,34.95055226
7/23/2021 20:06,12.106,18.75666667,4.6612,34.87815298
7/23/2021 20:12,12.12116667,18.76333333,4.662,34.87920909
7/23/2021 20:18,12.1375,18.74333333,4.6548,34.83582623
7/23/2021 20:24,12.15091667,18.75,4.6528,34.81343421
7/23/2021 20:30,12.1585,18.73666667,4.648,34.78448909
7/23/2021 20:36,12.16725,18.73,4.6432,34.74989762
7/23/2021 20:42,12.18241667,18.71,4.6336,34.68630586
7/23/2021 20:48,12.18708333,18.72333333,4.6376,34.70859096
7/23/2021 20:54,12.19408333,18.73,4.6356,34.68620763
7/23/2021 21:00,12.19641667,18.72666667,4.6372,34.70242701
7/23/2021 21:06,12.204,18.65,4.6228,34.64630585
7/23/2021 21:12,12.19816667,18.63333333,4.6184,34.62341919
7/23/2021 21:18,12.20225,18.68333333,4.6244,34.63163042
7/23/2021 21:24,12.19525,18.68,4.6232,34.62437207
7/23/2021 21:30,12.18533333,18.71,4.6252,34.6158811
7/23/2021 21:36,12.18883333,18.75,4.6292,34.61574582
7/23/2021 21:42,12.17541667,18.79666667,4.636,34.63344037
7/23/2021 21:48,12.16725,18.81333333,4.6376,34.63282007
7/23/2021 21:54,12.16025,18.84666667,4.6396,34.62154989
7/23/2021 22:00,12.15091667,18.93333333,4.6492,34.62903456
7/23/2021 22:06,12.13575,18.99666667,4.6584,34.65268876
7/23/2021 22:12,12.12758333,19.05666667,4.668,34.68239621
7/23/2021 22:18,12.11941667,19.14333333,4.6796,34.70634521
7/23/2021 22:24,12.10483333,19.22333333,4.6904,34.72913826
7/23/2021 22:30,12.09666667,19.28,4.6988,34.75144709
7/23/2021 22:36,12.0885,19.34333333,4.708,34.77475967
7/23/2021 22:42,12.08033333,19.40666667,4.718,34.80461631
7/23/2021 22:48,12.07041667,19.45333333,4.7252,34.82517464
7/23/2021 22:54,12.06691667,19.51,4.7344,34.85385049
7/23/2021 23:00,12.0535,19.55666667,4.742,34.8776076
7/23/2021 23:06,12.029,19.63666667,4.7552,34.91963318
7/23/2021 23:12,12.03075,19.66,4.7588,34.92981008
7/23/2021 23:18,12.01908333,19.72333333,4.7696,34.96615431
7/23/2021 23:24,12.00741667,19.76333333,4.7764,34.98891927
7/23/2021 23:30,11.99108333,19.8,4.7824,35.00782147
7/23/2021 23:36,11.97941667,19.85,4.7908,35.03535427
7/23/2021 23:42,11.97591667,19.9,4.7988,35.05952424
7/23/2021 23:48,11.96308333,19.95,4.8072,35.0869442
7/23/2021 23:54,11.95141667,19.99,4.8136,35.10619983
7/24/2021 0:00,11.94966667,20.01666667,4.8176,35.11682124
7/24/2021 0:06,11.9415,20.05666667,4.8244,35.13931824
7/24/2021 0:12,11.93158333,20.08333333,4.8304,35.16636508
7/24/2021 0:18,11.91991667,20.10666667,4.8332,35.1698538
7/24/2021 0:24,11.9135,20.14,4.8392,35.19127108
7/24/2021 0:30,11.90533333,20.15333333,4.8424,35.20640346
7/24/2021 0:36,11.89366667,20.17333333,4.8468,35.22580056
7/24/2021 0:42,11.89191667,20.18666667,4.8488,35.23105873
7/24/2021 0:48,11.882,20.20333333,4.8528,35.24994038
7/24/2021 0:54,11.87558333,20.21,4.8556,35.26733842
7/24/2021 1:00,11.87383333,20.21333333,4.8572,35.27767701
7/24/2021 1:06,11.86916667,20.21666667,4.8588,35.28801415
7/24/2021 1:12,11.87033333,20.22,4.86,35.2950675
7/24/2021 1:18,11.87383333,20.22,4.8608,35.30163218
7/24/2021 1:24,11.87383333,20.21,4.8608,35.31001778
7/24/2021 1:30,11.88025,20.20666667,4.8608,35.31281376
7/24/2021 1:36,11.88375,20.22333333,4.8624,35.31196619
7/24/2021 1:42,11.89366667,20.21333333,4.862,35.31707058
7/24/2021 1:48,11.90183333,20.23333333,4.8664,35.33639671
7/24/2021 1:54,11.91175,20.25666667,4.8688,35.33651131
7/24/2021 2:00,11.92166667,20.25666667,4.8704,35.34963055
7/24/2021 2:06,11.93683333,20.24666667,4.8688,35.34489778
7/24/2021 2:12,11.94791667,20.24333333,4.8676,35.33785186
7/24/2021 2:18,11.96308333,20.24333333,4.866,35.32472895
7/24/2021 2:24,11.97766667,20.26,4.8664,35.31403912
7/24/2021 2:30,11.99108333,20.26333333,4.8652,35.30140813
7/24/2021 2:36,12.00566667,20.26666667,4.862,35.2723833
7/24/2021 2:42,12.02375,20.25666667,4.8576,35.24467663
7/24/2021 2:48,12.04533333,20.22666667,4.8508,35.21399679
7/24/2021 2:54,12.06166667,20.18333333,4.8432,35.18786238
7/24/2021 3:00,12.08325,20.12666667,4.8328,35.14981988
7/24/2021 3:06,12.1095,20.03333333,4.8172,35.09956287
7/24/2021 3:12,12.12933333,19.95,4.8024,35.04733134
7/24/2021 3:18,12.14741667,19.83666667,4.7848,34.9969133
7/24/2021 3:24,12.1725,19.7,4.76,34.90642965
7/24/2021 3:30,12.20225,19.60666667,4.7424,34.83933334
7/24/2021 3:36,12.22675,19.49333333,4.7244,34.78529296
7/24/2021 3:42,12.25183333,19.39,4.7068,34.72597535
7/24/2021 3:48,12.27983333,19.27333333,4.684,34.63442782
7/24/2021 3:54,12.30783333,19.17333333,4.6676,34.58168014
7/24/2021 4:00,12.33875,19.10333333,4.6524,34.51369759
7/24/2021 4:06,12.36791667,19.01666667,4.64,34.48270512
7/24/2021 4:12,12.40525,18.92333333,4.6256,34.44046838
7/24/2021 4:18,12.44783333,18.83,4.61,34.3880264
7/24/2021 4:24,12.47991667,18.73666667,4.5948,34.33872365
7/24/2021 4:30,12.50325,18.65666667,4.5832,34.30829584
7/24/2021 4:36,12.53358333,18.6,4.5736,34.27505323
7/24/2021 4:42,12.55925,18.49333333,4.5568,34.2229588
7/24/2021 4:48,12.59541667,18.39666667,4.5428,34.18587903
7/24/2021 4:54,12.62516667,18.25666667,4.5224,34.13084755
7/24/2021 5:00,12.65958333,17.94,4.476,34.00292413
7/24/2021 5:06,12.69108333,17.87666667,4.466,33.97097689
7/24/2021 5:12,12.71733333,17.76333333,4.4528,33.95377033
7/24/2021 5:18,12.74533333,17.42666667,4.3992,33.77805673
7/24/2021 5:24,12.77216667,17.52333333,4.4168,33.84779644
7/24/2021 5:30,12.80016667,17.26,4.38,33.75357996
7/24/2021 5:36,12.82816667,17.11,4.3588,33.69734653
7/24/2021 5:42,12.84916667,16.97,4.34,33.65311545
7/24/2021 5:48,12.876,16.91333333,4.332,33.63172629
7/24/2021 5:54,12.897,16.90333333,4.3292,33.61583212
7/24/2021 6:00,12.92033333,16.86,4.3212,33.58297768
7/24/2021 6:06,12.93083333,16.77666667,4.3092,33.54923408
7/24/2021 6:12,12.95883333,16.63333333,4.2896,33.5000269
7/24/2021 6:18,12.97983333,16.63666667,4.2896,33.4971733
7/24/2021 6:24,12.99383333,16.55333333,4.2776,33.46309523
7/24/2021 6:30,13.01075,16.50666667,4.2736,33.46790467
7/24/2021 6:36,13.01425,16.56666667,4.2808,33.47981147
7/24/2021 6:42,13.016,16.48666667,4.2688,33.44278674
7/24/2021 6:48,13.0195,16.37,4.2548,33.41946348
7/24/2021 6:54,13.01075,16.29,4.2468,33.41755633
7/24/2021 7:00,13.00433333,16.35666667,4.2532,33.41679004
7/24/2021 7:06,12.99266667,16.44,4.2636,33.43699973
7/24/2021 7:12,12.98158333,16.40666667,4.26,33.43386718
7/24/2021 7:18,12.96466667,16.45,4.266,33.44957626
7/24/2021 7:24,12.94658333,16.51666667,4.2752,33.47341261
7/24/2021 7:30,12.925,16.55666667,4.2804,33.48486528
7/24/2021 7:36,12.90808333,16.61333333,4.2876,33.49959027
7/24/2021 7:42,12.88883333,16.61666667,4.2896,33.51430143
7/24/2021 7:48,12.87075,16.64,4.2928,33.52241087
7/24/2021 7:54,12.84916667,16.68333333,4.2996,33.54496537
7/24/2021 8:00,12.82525,16.74666667,4.3088,33.57138311
7/24/2021 8:06,12.80308333,16.81,4.3188,33.60472074
7/24/2021 8:12,12.78091667,16.85666667,4.3248,33.61727057
7/24/2021 8:18,12.75875,16.95,4.34,33.67018512
7/24/2021 8:24,12.73716667,17.03,4.3504,33.69249153
7/24/2021 8:30,12.71441667,17.12,4.3648,33.7409361
7/24/2021 8:36,12.69108333,17.19333333,4.374,33.75830244
7/24/2021 8:42,12.66658333,17.27333333,4.386,33.79417533
7/24/2021 8:48,12.6415,17.44,4.4124,33.88056923
7/24/2021 8:54,12.617,17.50666667,4.4216,33.90323911
7/24/2021 9:00,12.59075,17.59666667,4.4368,33.95762129
7/24/2021 9:06,12.56741667,17.67666667,4.4476,33.98252726
7/24/2021 9:12,12.53941667,17.78666667,4.4672,34.05726691
7/24/2021 9:18,12.51491667,17.87666667,4.4796,34.08709857
7/24/2021 9:24,12.48866667,17.98,4.4964,34.14303729
7/24/2021 9:30,12.46533333,18.09333333,4.5148,34.20387766
7/24/2021 9:36,12.4455,18.17666667,4.5288,34.25241158
7/24/2021 9:42,12.41633333,18.26,4.542,34.29399489
7/24/2021 9:48,12.3895,18.36333333,4.56,34.35913394
7/24/2021 9:54,12.36966667,18.39333333,4.566,34.38452585
7/24/2021 10:00,12.34225,18.47,4.5788,34.42791479
7/24/2021 10:06,12.32008333,18.54666667,4.5936,34.48798627
7/24/2021 10:12,12.30083333,18.61,4.6064,34.54228148
7/24/2021 10:18,12.27808333,18.69333333,4.6228,34.60978711
7/24/2021 10:24,12.25241667,18.77666667,4.6384,34.67035143
7/24/2021 10:30,12.22966667,18.82666667,4.6484,34.71193725
7/24/2021 10:36,12.21333333,18.88666667,4.6608,34.76506227
7/24/2021 10:42,12.18183333,18.93666667,4.672,34.8164584
7/24/2021 10:48,12.16258333,18.98,4.6824,34.86669096
7/24/2021 10:54,12.13925,19.00333333,4.6868,34.88370333
7/24/2021 11:00,12.11941667,19.05,4.6988,34.94440964
7/24/2021 11:06,12.09491667,19.09333333,4.7092,34.99494251
7/24/2021 11:12,12.07508333,19.12333333,4.7164,35.0298716
7/24/2021 11:18,12.05466667,19.15666667,4.7248,35.07198624
7/24/2021 11:24,12.03541667,19.17,4.7296,35.10089828
7/24/2021 11:30,12.01383333,19.18333333,4.734,35.12643831
7/24/2021 11:36,11.99225,19.19666667,4.738,35.14860922
7/24/2021 11:42,11.97475,19.2,4.7424,35.18266109
7/24/2021 11:48,11.95783333,19.20666667,4.7452,35.20044365
7/24/2021 11:54,11.938,19.20666667,4.7472,35.2172125
7/24/2021 12:00,11.91991667,19.21,4.7508,35.24454509
7/24/2021 12:06,11.90183333,19.21333333,4.7532,35.2618139
7/24/2021 12:12,11.8855,19.21333333,4.756,35.28528693
7/24/2021 12:18,11.86741667,19.21,4.758,35.30490864
7/24/2021 12:24,11.85575,19.20333333,4.7596,35.32403642
7/24/2021 12:30,11.83766667,19.2,4.7608,35.33695661
7/24/2021 12:36,11.82133333,19.19333333,4.762,35.35273836
7/24/2021 12:42,11.80441667,19.18666667,4.7636,35.37187985
7/24/2021 12:48,11.78808333,19.18333333,4.7648,35.3848081
7/24/2021 12:54,11.77116667,19.17666667,4.7668,35.40731422
7/24/2021 13:00,11.75658333,19.17,4.7688,35.42982679
7/24/2021 13:06,11.742,19.16333333,4.7696,35.44227513
7/24/2021 13:12,11.72683333,19.15666667,4.7748,35.49165818
7/24/2021 13:18,11.7105,19.14333333,4.7728,35.48635826
7/24/2021 13:24,11.69883333,19.13666667,4.7756,35.51561594
7/24/2021 13:30,11.68541667,19.12666667,4.7788,35.55111935
7/24/2021 13:36,11.67258333,19.11666667,4.778,35.55303539
7/24/2021 13:42,11.658,19.11,4.78,35.57559794
7/24/2021 13:48,11.64808333,19.1,4.7816,35.59768876
7/24/2021 13:54,11.62766667,19.08666667,4.7824,35.61594986
7/24/2021 14:00,11.62008333,19.08,4.7836,35.63181019
7/24/2021 14:06,11.60491667,19.06666667,4.7844,35.65008896
7/24/2021 14:12,11.59033333,19.05333333,4.786,35.67510793
7/24/2021 14:18,11.58508333,19.04,4.7868,35.69340965
7/24/2021 14:24,11.5705,19.03,4.7872,35.70545958
7/24/2021 14:30,11.55883333,19.02,4.788,35.72088197
7/24/2021 14:36,11.54891667,19.00666667,4.7892,35.74257825
7/24/2021 14:42,11.5355,18.99666667,4.79,35.75801641
7/24/2021 14:48,11.52383333,18.98666667,4.7908,35.77346123
7/24/2021 14:54,11.51391667,18.97666667,4.7912,35.7855423
7/24/2021 15:00,11.50108333,18.96666667,4.7916,35.79762859
7/24/2021 15:06,11.48941667,18.95666667,4.792,35.8097201
7/24/2021 15:12,11.48125,18.94666667,4.7936,35.83193463
7/24/2021 15:18,11.47133333,18.93666667,4.7924,35.83054545
7/24/2021 15:24,11.45616667,18.92666667,4.7928,35.84265191
7/24/2021 15:30,11.455,18.92,4.7936,35.85522518
7/24/2021 15:36,11.43808333,18.91666667,4.794,35.86151317
7/24/2021 15:42,11.42991667,18.9,4.7932,35.86933471
7/24/2021 15:48,11.42175,18.89,4.7916,35.86457547
7/24/2021 15:54,11.41008333,18.88666667,4.794,35.88775311
7/24/2021 16:00,11.40541667,18.87666667,4.794,35.89650733
7/24/2021 16:06,11.40016667,18.86666667,4.7952,35.91540065
7/24/2021 16:12,11.38908333,18.87,4.7964,35.92261475
7/24/2021 16:18,11.38383333,18.86,4.796,35.92800074
7/24/2021 16:24,11.38208333,18.86,4.798,35.94489537
7/24/2021 16:30,11.37041667,18.84666667,4.798,35.95659173
7/24/2021 16:36,11.371,18.84333333,4.8004,35.97979775
7/24/2021 16:42,11.36575,18.85,4.8024,35.99084325
7/24/2021 16:48,11.36575,18.84333333,4.8008,35.9831779
7/24/2021 16:54,11.37391667,18.83666667,4.802,35.99917477
7/24/2021 17:00,11.38091667,18.84333333,4.806,36.02711979
7/24/2021 17:06,11.38733333,18.86333333,4.812,36.06022625
7/24/2021 17:12,11.3955,18.84,4.8076,36.0435718
7/24/2021 17:18,11.41066667,18.88333333,4.8164,36.07979519
7/24/2021 17:24,11.42175,18.91,4.8232,36.11373643
7/24/2021 17:30,11.43983333,18.87666667,4.8276,36.18023487
7/24/2021 17:36,11.44858333,18.87,4.8292,36.19962682
7/24/2021 17:42,11.46783333,18.82666667,4.8152,36.11954765
7/24/2021 17:48,11.49116667,18.81,4.804,36.03953034
7/24/2021 17:54,11.50925,18.77666667,4.79,35.95040791
7/24/2021 18:00,11.53083333,18.76,4.7796,35.87701522
7/24/2021 18:06,11.55708333,18.75666667,4.7728,35.82236963
7/24/2021 18:12,11.58158333,18.76666667,4.7724,35.81022295
7/24/2021 18:18,11.602,18.77333333,4.774,35.81792603
7/24/2021 18:24,11.623,18.79,4.7752,35.81348565
7/24/2021 18:30,11.65916667,18.79666667,4.776,35.81441725
7/24/2021 18:36,11.6755,18.80666667,4.774,35.78875149
7/24/2021 18:42,11.70583333,18.82,4.7744,35.78047532
7/24/2021 18:48,11.74316667,18.82666667,4.7728,35.76112288
7/24/2021 18:54,11.75191667,18.83333333,4.7724,35.75191866
7/24/2021 19:00,11.77116667,18.83666667,4.7688,35.71858216
7/24/2021 19:06,11.80441667,18.82666667,4.7628,35.67658874
7/24/2021 19:12,11.83883333,18.81666667,4.7552,35.62104873
7/24/2021 19:18,11.85108333,18.81333333,4.7496,35.57659876
7/24/2021 19:24,11.87558333,18.80333333,4.7432,35.53117027
7/24/2021 19:30,11.90708333,18.8,4.736,35.47316769
7/24/2021 19:36,11.92166667,18.8,4.7312,35.43256786
7/24/2021 19:42,11.95783333,18.79,4.7264,35.40063124
7/24/2021 19:48,11.97591667,18.78333333,4.7204,35.35564069
7/24/2021 19:54,11.99925,18.78333333,4.7148,35.30825711
7/24/2021 20:00,12.0325,18.77,4.7084,35.26562056
7/24/2021 20:06,12.04708333,18.76333333,4.7028,35.22397698
7/24/2021 20:12,12.05875,18.74,4.6984,35.20686309
7/24/2021 20:18,12.07975,18.70666667,4.686,35.13056336
7/24/2021 20:24,12.12291667,18.68,4.6772,35.078942
7/24/2021 20:30,12.12758333,18.65666667,4.672,35.05493585
7/24/2021 20:36,12.134,18.62333333,4.66,34.98178401
7/24/2021 20:42,12.16025,18.54666667,4.6428,34.90194189
7/24/2021 20:48,12.18358333,18.53333333,4.6424,34.9099254
7/24/2021 20:54,12.2005,18.55,4.6416,34.88900967
7/24/2021 21:00,12.20166667,18.50333333,4.6304,34.83442462
7/24/2021 21:06,12.21625,18.49333333,4.626,34.80586633
7/24/2021 21:12,12.2285,18.49,4.6216,34.77163334
7/24/2021 21:18,12.23666667,18.5,4.6196,34.74629849
7/24/2021 21:24,12.24775,18.47333333,4.6112,34.69814918
7/24/2021 21:30,12.2495,18.48666667,4.6108,34.68347702
7/24/2021 21:36,12.25941667,18.52333333,4.6124,34.66590116
7/24/2021 21:42,12.26116667,18.49666667,4.6064,34.63794457
7/24/2021 21:48,12.26233333,18.53333333,4.6088,34.62714187
7/24/2021 21:54,12.26583333,18.55666667,4.6144,34.65453577
7/24/2021 22:00,12.26758333,18.59666667,4.6196,34.66445189
7/24/2021 22:06,12.27633333,18.62,4.6196,34.64474738
7/24/2021 22:12,12.24775,18.62333333,4.6176,34.62513468
7/24/2021 22:18,12.23433333,18.64333333,4.62,34.62842128
7/24/2021 22:24,12.21625,18.63333333,4.6164,34.60662344
7/24/2021 22:30,12.20866667,18.66,4.6192,34.60765751
7/24/2021 22:36,12.197,18.72,4.6292,34.6409935
7/24/2021 22:42,12.18533333,18.78666667,4.6372,34.6518919
7/24/2021 22:48,12.17891667,18.84,4.6452,34.67396446
7/24/2021 22:54,12.16433333,18.92,4.6576,34.71031626
7/24/2021 23:00,12.15033333,18.98666667,4.6672,34.73440206
7/24/2021 23:06,12.1375,19.06,4.6784,34.76614176
7/24/2021 23:12,12.12933333,19.14,4.6916,34.80880804
7/24/2021 23:18,12.11475,19.2,4.6992,34.82163151
7/24/2021 23:24,12.10658333,19.26,4.7096,34.85761992
7/24/2021 23:30,12.09491667,19.32333333,4.7208,34.89734593
7/24/2021 23:36,12.08033333,19.36666667,4.728,34.92063633
7/24/2021 23:42,12.06516667,19.42,4.7368,34.94888305
7/24/2021 23:48,12.06166667,19.46,4.746,34.99182399
7/24/2021 23:54,12.04183333,19.50333333,4.7532,35.01521057
7/25/2021 0:00,12.02725,19.54,4.7608,35.04751674
7/25/2021 0:06,12.01558333,19.58,4.7684,35.07695546
7/25/2021 0:12,12.00566667,19.61,4.7744,35.10149532
7/25/2021 0:18,11.994,19.63666667,4.7804,35.1288207
7/25/2021 0:24,11.98116667,19.66666667,4.7876,35.16326079
7/25/2021 0:30,11.97766667,19.68333333,4.7908,35.17573562
7/25/2021 0:36,11.95608333,19.69666667,4.7952,35.2009758
7/25/2021 0:42,11.94616667,19.71666667,4.7988,35.21392851
7/25/2021 0:48,11.93508333,19.73,4.8036,35.24245651
7/25/2021 0:54,11.92516667,19.74333333,4.8068,35.25770613
7/25/2021 1:00,11.91525,19.75666667,4.8112,35.28289097
7/25/2021 1:06,11.90183333,19.76666667,4.8148,35.30425569
7/25/2021 1:12,11.89366667,19.77333333,4.8176,35.32180724
7/25/2021 1:18,11.88375,19.78,4.82,35.33604085
7/25/2021 1:24,11.87383333,19.78666667,4.8236,35.36020796
7/25/2021 1:30,11.86391667,19.79,4.8268,35.38388191
7/25/2021 1:36,11.85575,19.79333333,4.8292,35.40092844
7/25/2021 1:42,11.84758333,19.79333333,4.8312,35.41748864
7/25/2021 1:48,11.84233333,19.79666667,4.8332,35.43121978
7/25/2021 1:54,11.83591667,19.79333333,4.8344,35.44398496
7/25/2021 2:00,11.83125,19.78666667,4.8356,35.45958322
7/25/2021 2:06,11.83416667,19.78,4.8364,35.47187291
7/25/2021 2:12,11.83416667,19.77333333,4.8376,35.48747953
7/25/2021 2:18,11.84758333,19.76666667,4.8372,35.4898349
7/25/2021 2:24,11.84583333,19.76,4.8372,35.49550532
7/25/2021 2:30,11.85225,19.75666667,4.8372,35.49834114
7/25/2021 2:36,11.86216667,19.75333333,4.8368,35.4978625
7/25/2021 2:42,11.87033333,19.74333333,4.8352,35.49311062
7/25/2021 2:48,11.882,19.73666667,4.8356,35.50210035
7/25/2021 2:54,11.89366667,19.73333333,4.834,35.49167299
7/25/2021 3:00,11.90533333,19.71666667,4.832,35.48927558
7/25/2021 3:06,11.917,19.72666667,4.838,35.53051499
7/25/2021 3:12,11.93333333,19.73,4.8404,35.54757406
7/25/2021 3:18,11.95141667,19.72333333,4.8392,35.54330618
7/25/2021 3:24,11.96483333,19.70666667,4.8372,35.54092654
7/25/2021 3:30,11.97591667,19.68333333,4.8304,35.50439436
7/25/2021 3:36,12.001,19.65333333,4.8236,35.47350609
7/25/2021 3:42,12.01908333,19.62,4.812,35.40552755
7/25/2021 3:48,12.03541667,19.59,4.804,35.36455527
7/25/2021 3:54,12.06516667,19.53,4.7868,35.2724615
7/25/2021 4:00,12.0815,19.49,4.7772,35.22649086
7/25/2021 4:06,12.1165,19.41,4.76,35.1510096
7/25/2021 4:12,12.12933333,19.39333333,4.756,35.13177226
7/25/2021 4:18,12.15208333,19.32666667,4.7444,35.09148218
7/25/2021 4:24,12.17541667,19.25666667,4.73,35.0304601
7/25/2021 4:30,12.21041667,19.17333333,4.716,34.98394531
7/25/2021 4:36,12.232,19.09,4.6996,34.91728258
7/25/2021 4:42,12.26991667,18.98,4.6816,34.86002292
7/25/2021 4:48,12.29383333,18.87666667,4.662,34.78350636
7/25/2021 4:54,12.31775,18.8,4.648,34.73104928
7/25/2021 5:00,12.36383333,18.69333333,4.6276,34.6500444
7/25/2021 5:06,12.38425,18.61333333,4.614,34.60332663
7/25/2021 5:12,12.42916667,18.51333333,4.5956,34.53291248
7/25/2021 5:18,12.456,18.42,4.5796,34.47681447
7/25/2021 5:24,12.47933333,18.26,4.5484,34.34818117
7/25/2021 5:30,12.51316667,18.22666667,4.5444,34.3424509
7/25/2021 5:36,12.55108333,18.11333333,4.524,34.2651465
7/25/2021 5:42,12.57091667,17.99333333,4.506,34.21353265
7/25/2021 5:48,12.60708333,17.96,4.4972,34.16676086
7/25/2021 5:54,12.63858333,17.78333333,4.468,34.06693399
7/25/2021 6:00,12.65841667,17.6,4.4376,33.96166762
7/25/2021 6:06,12.68466667,17.64333333,4.446,33.99705017
7/25/2021 6:12,12.70625,17.52333333,4.4248,33.91664108
7/25/2021 6:18,12.75058333,17.42,4.4092,33.86995991
7/25/2021 6:24,12.785,17.31,4.3908,33.80452145
7/25/2021 6:30,12.80658333,17.26,4.3828,33.7778178
7/25/2021 6:36,12.82525,17.18666667,4.3696,33.72582709
7/25/2021 6:42,12.85091667,17.12333333,4.36,33.6964174
7/25/2021 6:48,12.86608333,17.02333333,4.3448,33.64944373
7/25/2021 6:54,12.88416667,17.03,4.3456,33.65072563
7/25/2021 7:00,12.89875,16.84333333,4.32,33.58672471
7/25/2021 7:06,12.90575,16.98,4.3364,33.61322665
7/25/2021 7:12,12.93841667,16.99,4.338,33.61864303
7/25/2021 7:18,12.95183333,16.98333333,4.3372,33.61735515
7/25/2021 7:24,12.97283333,17.00333333,4.34,33.62470022
7/25/2021 7:30,12.96816667,16.96333333,4.3324,33.59257482
7/25/2021 7:36,12.96641667,17.02333333,4.344,33.6424817
7/25/2021 7:42,12.96991667,17.12333333,4.3604,33.69989059
7/25/2021 7:48,12.95825,17.26,4.3852,33.7985931
7/25/2021 7:54,12.95183333,17.21333333,4.3868,33.85220401
7/25/2021 8:00,12.93608333,17.27666667,4.3936,33.85710454
7/25/2021 8:06,12.91566667,17.33333333,4.4032,33.8918615
7/25/2021 8:12,12.89583333,17.21333333,4.3816,33.80714374
7/25/2021 8:18,12.87891667,17.26333333,4.4004,33.9273243
7/25/2021 8:24,12.86258333,17.21,4.3888,33.87237942
7/25/2021 8:30,12.84216667,17.24666667,4.3956,33.89999386
7/25/2021 8:36,12.82,17.28333333,4.4004,33.91025924
7/25/2021 8:42,12.80191667,17.26333333,4.3976,33.90308827
7/25/2021 8:48,12.78033333,17.21,4.3832,33.82384935
7/25/2021 8:54,12.75408333,17.23333333,4.3888,33.85247661
7/25/2021 9:00,12.73483333,17.21666667,4.3844,33.82856571
7/25/2021 9:06,12.71033333,17.24666667,4.3924,33.87228519
7/25/2021 9:12,12.69108333,17.30333333,4.4016,33.90358704
7/25/2021 9:18,12.66425,17.31666667,4.404,33.91297485
7/25/2021 9:24,12.64675,17.34,4.4088,33.93457457
7/25/2021 9:30,12.62691667,17.39,4.4196,33.98522274
7/25/2021 9:36,12.59891667,17.44,4.4284,34.01851466
7/25/2021 9:42,12.57733333,17.5,4.4384,34.05354537
7/25/2021 9:48,12.56741667,17.57,4.4524,34.11435511
7/25/2021 9:54,12.53475,17.64,4.4652,34.16467571
7/25/2021 10:00,12.50675,17.69666667,4.4748,34.19876551
7/25/2021 10:06,12.47991667,17.74666667,4.4848,34.24186991
7/25/2021 10:12,12.45716667,17.82,4.498,34.29237846
7/25/2021 10:18,12.43091667,17.84666667,4.5048,34.32779263
7/25/2021 10:24,12.40408333,17.91,4.5176,34.38315161
7/25/2021 10:30,12.38308333,17.96,4.5288,34.43607683
7/25/2021 10:36,12.35333333,18.00333333,4.538,34.47753695
7/25/2021 10:42,12.33816667,18.06666667,4.5536,34.5563036
7/25/2021 10:48,12.31016667,18.09666667,4.56,34.58512992
7/25/2021 10:54,12.28975,18.16,4.5744,34.65340309
7/25/2021 11:00,12.26641667,18.2,4.5832,34.69392648
7/25/2021 11:06,12.24425,18.24333333,4.5936,34.74508699
7/25/2021 11:12,12.2215,18.28333333,4.6032,34.79222585
7/25/2021 11:18,12.2005,18.34,4.618,34.86900678
7/25/2021 11:24,12.17891667,18.37,4.6244,34.89745562
7/25/2021 11:30,12.15558333,18.41333333,4.6344,34.94496503
7/25/2021 11:36,12.1375,18.44666667,4.6436,34.99461312
7/25/2021 11:42,12.11766667,18.48666667,4.6544,35.05205167
7/25/2021 11:48,12.08966667,18.50333333,4.6592,35.07850873
7/25/2021 11:54,12.06983333,18.52666667,4.6688,35.14002133
7/25/2021 12:00,12.05175,18.53666667,4.6732,35.16879526
7/25/2021 12:06,12.03075,18.54,4.678,35.20673783
7/25/2021 12:12,12.01383333,18.53666667,4.6804,35.23004445
7/25/2021 12:18,11.99225,18.53666667,4.6828,35.25046085
7/25/2021 12:24,11.97591667,18.53,4.6856,35.28007108
7/25/2021 12:30,11.95433333,18.51666667,4.6868,35.30187099
7/25/2021 12:36,11.93683333,18.51,4.6884,35.32128748
7/25/2021 12:42,11.92283333,18.49666667,4.69,35.34651458
7/25/2021 12:48,11.903,18.49333333,4.6908,35.3562296
7/25/2021 12:54,11.88316667,18.48333333,4.6928,35.38197643
7/25/2021 13:00,11.87033333,18.47666667,4.6932,35.39119713
7/25/2021 13:06,11.85108333,18.47,4.6948,35.41064356
7/25/2021 13:12,11.83591667,18.46,4.6956,35.42619011
7/25/2021 13:18,11.81958333,18.45,4.6968,35.44515261
7/25/2021 13:24,11.80441667,18.44,4.698,35.4641234
7/25/2021 13:30,11.7875,18.42666667,4.698,35.47578704
7/25/2021 13:36,11.76941667,18.41666667,4.6996,35.49818584
7/25/2021 13:42,11.75483333,18.40333333,4.7004,35.51669065
7/25/2021 13:48,11.73675,18.39333333,4.7004,35.52545624
7/25/2021 13:54,11.72508333,18.38333333,4.7016,35.54446809
7/25/2021 14:00,11.70875,18.37333333,4.702,35.55665848
7/25/2021 14:06,11.69708333,18.35666667,4.7024,35.57471022
7/25/2021 14:12,11.68075,18.34666667,4.7024,35.58349746
7/25/2021 14:18,11.66558333,18.32333333,4.7024,35.60401598
7/25/2021 14:24,11.6545,18.31,4.7024,35.61575026
7/25/2021 14:30,11.64108333,18.29333333,4.7028,35.63384862
7/25/2021 14:36,11.63,18.27,4.7032,35.6578395
7/25/2021 14:42,11.61308333,18.25333333,4.7052,35.6896646
7/25/2021 14:48,11.59791667,18.24333333,4.7044,35.69164772
7/25/2021 14:54,11.58683333,18.23333333,4.7032,35.69020633
7/25/2021 15:00,11.57516667,18.22333333,4.7036,35.70246881
7/25/2021 15:06,11.5635,18.21333333,4.7044,35.71816355
7/25/2021 15:12,11.55008333,18.20666667,4.704,35.72063332
7/25/2021 15:18,11.539,18.19333333,4.7044,35.73586018
7/25/2021 15:24,11.52558333,18.18333333,4.7044,35.74471432
7/25/2021 15:30,11.51741667,18.18,4.7052,35.75452534
7/25/2021 15:36,11.504,18.17333333,4.7052,35.76043213
7/25/2021 15:42,11.49291667,18.16333333,4.7056,35.7727262
7/25/2021 15:48,11.483,18.16,4.7064,35.78254358
7/25/2021 15:54,11.47133333,18.15666667,4.7068,35.78893125
7/25/2021 16:00,11.45966667,18.15,4.7068,35.79484611
7/25/2021 16:06,11.44858333,18.15,4.708,35.80514105
7/25/2021 16:12,11.43983333,18.14333333,4.7076,35.807627
7/25/2021 16:18,11.42991667,18.13666667,4.7092,35.82727694
7/25/2021 16:24,11.41708333,18.13333333,4.7092,35.83023827
7/25/2021 16:30,11.41008333,18.12333333,4.7092,35.83912484
7/25/2021 16:36,11.40016667,18.11666667,4.7096,35.84848556
7/25/2021 16:42,11.3955,18.11,4.7116,35.87158768
7/25/2021 16:48,11.38558333,18.09666667,4.7116,35.88345553
7/25/2021 16:54,11.37741667,18.09333333,4.7128,35.89673135
7/25/2021 17:00,11.36925,18.09,4.7144,35.9134453
7/25/2021 17:06,11.364,18.09,4.7152,35.92031766
7/25/2021 17:12,11.35933333,18.11,4.7196,35.94028099
7/25/2021 17:18,11.36108333,18.15,4.7276,35.97329171
7/25/2021 17:24,11.3675,18.17,4.7316,35.98977532
7/25/2021 17:30,11.37391667,18.18666667,4.7356,36.0092154
7/25/2021 17:36,11.37741667,18.2,4.7424,36.05560815
7/25/2021 17:42,11.39083333,18.2,4.744,36.06931966
7/25/2021 17:48,11.39725,18.21,4.7492,36.10495018
7/25/2021 17:54,11.40716667,18.22333333,4.7544,36.13758667
7/25/2021 18:00,11.42525,18.23333333,4.7612,36.18688546
7/25/2021 18:06,11.43341667,18.20333333,4.7608,36.2103056
7/25/2021 18:12,11.4515,18.2,4.7552,36.1653003
7/25/2021 18:18,11.47133333,18.19333333,4.7452,36.08555508
7/25/2021 18:24,11.48416667,18.19333333,4.734,35.9895604
7/25/2021 18:30,11.50225,18.19333333,4.718,35.85242515
7/25/2021 18:36,11.52091667,18.21,4.7132,35.79650871
7/25/2021 18:42,11.539,18.23333333,4.7172,35.8100944
7/25/2021 18:48,11.56875,18.25,4.7184,35.8056043
7/25/2021 18:54,11.595,18.26666667,4.7212,35.81480897
7/25/2021 19:00,11.616,18.28333333,4.7224,35.81032043
7/25/2021 19:06,11.64458333,18.30666667,4.7248,35.81019775
7/25/2021 19:12,11.66441667,18.34,4.7256,35.78756566
7/25/2021 19:18,11.70408333,18.36,4.7256,35.76990318
7/25/2021 19:24,11.71341667,18.38333333,4.7256,35.74931649
7/25/2021 19:30,11.75483333,18.39666667,4.7248,35.7307358
7/25/2021 19:36,11.76825,18.41333333,4.724,35.70923111
7/25/2021 19:42,11.79333333,18.43,4.7236,35.69115274
7/25/2021 19:48,11.826,18.45,4.7204,35.6462937
7/25/2021 19:54,11.8505,18.46333333,4.7168,35.60391277
7/25/2021 20:00,11.882,18.46666667,4.7116,35.55668614
7/25/2021 20:06,11.90125,18.47333333,4.7076,35.51677244
7/25/2021 20:12,11.91641667,18.47666667,4.7036,35.479784
7/25/2021 20:18,11.96075,18.48666667,4.6984,35.42676053
7/25/2021 20:24,11.96483333,18.49,4.6936,35.38297701
7/25/2021 20:30,11.99575,18.50333333,4.6908,35.34752002
7/25/2021 20:36,12.01675,18.50666667,4.686,35.30375817
7/25/2021 20:42,12.05,18.49666667,4.6776,35.24093784
7/25/2021 20:48,12.078,18.49666667,4.6712,35.18644662
7/25/2021 20:54,12.09666667,18.5,4.6676,35.15290647
7/25/2021 21:00,12.11825,18.5,4.6608,35.09501376
7/25/2021 21:06,12.13633333,18.49,4.6552,35.05598214
7/25/2021 21:12,12.15208333,18.45333333,4.644,34.99226195
7/25/2021 21:18,12.1655,18.42666667,4.6308,34.90310036
7/25/2021 21:24,12.19991667,18.42333333,4.632,34.91606844
7/25/2021 21:30,12.20225,18.41,4.6236,34.85656673
7/25/2021 21:36,12.22033333,18.4,4.6188,34.82457874
7/25/2021 21:42,12.23141667,18.40333333,4.6176,34.81161072
7/25/2021 21:48,12.24775,18.39666667,4.6172,34.81391297
7/25/2021 21:54,12.253,18.39,4.6132,34.78582273
7/25/2021 22:00,12.25475,18.41,4.6164,34.79580696
7/25/2021 22:06,12.26641667,18.41,4.6144,34.77892924
7/25/2021 22:12,12.27575,18.40333333,4.612,34.76434623
7/25/2021 22:18,12.27983333,18.43,4.6156,34.77204178
7/25/2021 22:24,12.28916667,18.41333333,4.6132,34.76596737
7/25/2021 22:30,12.28275,18.42,4.6168,34.79067138
7/25/2021 22:36,12.27575,18.40333333,4.6136,34.77785037
7/25/2021 22:42,12.26933333,18.42666667,4.6164,34.78162505
7/25/2021 22:48,12.26,18.44,4.6196,34.79727362
7/25/2021 22:54,12.2495,18.47333333,4.6264,34.82624255
7/25/2021 23:00,12.23666667,18.49,4.6272,34.81880848
7/25/2021 23:06,12.22675,18.49,4.6248,34.79859056
7/25/2021 23:12,12.2145,18.49666667,4.6232,34.77944941
7/25/2021 23:18,12.20866667,18.51,4.6236,34.77149744
7/25/2021 23:24,12.19525,18.54,4.6264,34.76961081
7/25/2021 23:30,12.18183333,18.56666667,4.6292,34.77055234
7/25/2021 23:36,12.2215,18.57666667,4.6328,34.79234613
7/25/2021 23:42,12.15675,18.60666667,4.636,34.79380973
7/25/2021 23:48,12.14391667,18.62333333,4.6408,34.82000779
7/25/2021 23:54,12.12875,18.65333333,4.6456,34.83488263
,,,,
,,,,
,,,,
,,,,
,,,,
,,,,
,,,,
,,,,
,,,,
,,,,
,,,,
,,,,
,,,,
,,,,
,,,,
,,,,
,,,,
,,,,
,,,,
,,,,
,,,,
,,,,
,,,,
,,,,
,,,,
,,,,
,,,,
,,,,
,,,,
,,,,
,,,,
,,,,
,,,,
,,,,
,,,,
,,,,
,,,,
,,,,
,,,,
,,,,
,,,,
,,,,
,,,,
,,,,
,,,,
,,,,
,,,,
,,,,
,,,,
,,,,
,,,,
,,,,
,,,,
,,,,
,,,,
,,,,
,,,,
,,,,
,,,,
,,,,
,,,,
,,,,
,,,,
,,,,
,,,,
,,,,
,,,,
,,,,
,,,,
,,,,
,,,,
,,,,
,,,,
,,,,
,,,,
,,,,
,,,,
,,,,
,,,,
,,,,
,,,,
,,,,
,,,,
,,,,
,,,,
,,,,
,,,,
,,,,
,,,,
,,,,
,,,,
,,,,
,,,,
,,,,
,,,,
,,,,
,,,,
,,,,
,,,,
,,,,
,,,,
,,,,
,,,,
,,,,
,,,,
,,,,
,,,,
,,,,
,,,,
,,,,
,,,,
,,,,
,,,,
,,,,
,,,,
,,,,
,,,,
,,,,
,,,,
,,,,
,,,,
,,,,
,,,,
,,,,
,,,,
,,,,
,,,,
,,,,
,,,,
,,,,
,,,,
,,,,
,,,,
,,,,
,,,,
,,,,
,,,,
,,,,
,,,,
,,,,
,,,,
,,,,
,,,,
,,,,
,,,,
,,,,
,,,,
,,,,
,,,,
,,,,
,,,,
,,,,
,,,,
,,,,
,,,,
,,,,
,,,,
,,,,
,,,,
,,,,
,,,,
,,,,
,,,,
,,,,
,,,,
,,,,
,,,,
,,,,
,,,,
,,,,
,,,,
,,,,
,,,,
,,,,
,,,,
,,,,
,,,,
,,,,
,,,,
,,,,
,,,,
,,,,
,,,,
,,,,
,,,,
,,,,
,,,,
,,,,
,,,,
,,,,
,,,,
,,,,
,,,,
,,,,
,,,,
,,,,
,,,,
,,,,
,,,,
,,,,
,,,,
,,,,
,,,,
,,,,
,,,,
,,,,
,,,,
,,,,
,,,,
,,,,
,,,,
,,,,
,,,,
,,,,
,,,,
,,,,
,,,,
,,,,
,,,,
,,,,
,,,,
,,,,
,,,,
,,,,
,,,,
,,,,
,,,,
,,,,
,,,,
,,,,
,,,,
,,,,
,,,,
,,,,
,,,,
,,,,
,,,,
,,,,
,,,,
,,,,
